threads,tlb-shootdown,tlb-miss,pagefault,time
1,15,101741,65,0.057957149
2,158775,1730285,67,0.087978371
3,963597,7518891,68,0.195919141
4,1727973,13826423,69,0.251293690
5,2277926,19421560,74,0.314809996
6,3595825,26156164,75,0.418881412
7,4981246,34637254,76,0.458051787
