threads,tlb,tlbmiss,pagefault,time
1,14,307371,65,0.196895015
2,300284,4578368,69,0.440842966