threads,tlb,tlbmiss,pagefault,time
1,17,307884,67,0.194133870
2,287663,4612810,64,0.403384311