threads,tlb,pagefault,time
1,17,63,0.197570089
2,298197,65,0.407381229