threads,tlb,pagefault,time
1,15,65,0.182542356
2,440099,66,0.495337739