threads,tlb_shootdown,tlb_miss,pagefault,time
1,18,1053258,326,0.509398244
2,18,2141625,334,0.663179091
3,16,4288388,331,0.913964861
4,18,7091743,333,1.270910614
5,18,9383351,334,1.459807477
6,19,11699009,338,1.881184107
7,21,13882354,338,2.422744608
