threads,tlb_shootdown,tlb_miss,pagefault,time
1,20,3186760,327,0.937328690
2,19,6494975,329,1.130127359