threads,tlb-shootdown,tlb-miss,pagefault,time
1,20,3187413,328,0.930518945
2,20,6738008,329,1.200428022
