threads,tlb_shootdown,tlb_miss,pagefault,time
1,19,3189989,325,0.945240614
2,18,6671737,328,1.183869389